[
    {
      "id": 1,
      "name": "Lions Barra da Tijuca",
      "address": "Av. das Américas, 10.500 - Barra da Tijuca, RJ",
      "phone": "(21) 3333-0000",
      "lat": -23.000370,
      "lng": -43.430630,
      "image": "https://dmmfmlu2mykln.cloudfront.net/site/lojas/loja_lionsseminovos_duquedecaxias.webp"
    },
    {
      "id": 2,
      "name": "Lions Nova Iguaçu",
      "address": "Rod. Pres. Dutra, 15000 - Centro, Nova Iguaçu, RJ",
      "phone": "(21) 2667-0000",
      "lat": -22.756130,
      "lng": -43.460750,
      "image": "https://dmmfmlu2mykln.cloudfront.net/site/lojas/loja_lionsseminovos_novaiguacu.webp"
    },
    {
      "id": 3,
      "name": "Lions Niterói",
      "address": "Alameda São Boaventura, 540 - Fonseca, Niterói, RJ",
      "phone": "(21) 2717-0000",
      "lat": -22.880690,
      "lng": -43.090620,
      "image": "https://dmmfmlu2mykln.cloudfront.net/site/lojas/loja_lionsseminovos_saobernardodocampo.webp"
    },
    {
      "id": 4,
      "name": "Lions Duque de Caxias",
      "address": "Rod. Washington Luiz, 2500 - Parque Duque, Caxias, RJ",
      "phone": "(21) 2671-0000",
      "lat": -22.796340,
      "lng": -43.279890,
      "image": "https://dmmfmlu2mykln.cloudfront.net/site/lojas/loja_lionsseminovos_vilanorma.webp"
    }
  ]